﻿<?xml version="1.0" encoding="UTF-8" standalone="yes"?>
<addon id="kodi Xbox One" name="[B][COLOR blue]kodi [COLOR green]Xbox One[/COLOR][/B]" version="0.0.2" provider-name="MatoMemo">
	<extension point="xbmc.addon.repository" name="kodi Xbox One">
		<info compressed="false">https://raw.githubusercontent.com/MatoMemo/KodiXboxOne/XboxKodi/addons.xml</info>
		<checksum>https://raw.githubusercontent.com/MatoMemo/KodiXboxOne/XboxKodi/addons.xml.md5</checksum>
		<datadir zip="true">https://raw.githubusercontent.com/MatoMemo/KodiXboxOne/XboxKodi/master/repo/</datadir>
	</extension>
	<extension point="xbmc.addon.metadata">
		<summary>kodi Xbox One</summary>
		<description>Melhores Addons do Kodi para Xbox One</description>
		<disclaimer></disclaimer>
		<platform>all</platform>
	</extension>
</addon>